{
  "name": "O2",
  "m": 5.313525750268249e-26,
  "e_f": 0.0,
  "lev": {
    "g": [
      3.0,
      3.0,
      3.0,
      3.0,
      3.0,
      3.0,
      3.0,
      3.0,
      3.0,
      3.0,
      3.0,
      3.0,
      3.0,
      3.0,
      3.0,
      3.0,
      3.0,
      3.0,
      3.0,
      3.0,
      3.0,
      3.0,
      3.0,
      3.0,
      3.0,
      3.0,
      3.0,
      3.0,
      3.0,
      3.0,
      3.0,
      3.0,
      3.0,
      3.0,
      3.0,
      3.0,
      3.0,
      3.0,
      3.0,
      3.0,
      3.0,
      3.0,
      3.0,
      3.0,
      3.0
    ],
    "e": [
      0.0,
      3.108364462592114e-20,
      6.165432516546424e-20,
      9.171942444855915e-20,
      1.2128669701011412e-19,
      1.5036408644188047e-19,
      1.7895946583983802e-19,
      2.0708041029511203e-19,
      2.347339934175417e-19,
      2.6192656463312766e-19,
      2.88663555320659e-19,
      3.1494933782017007e-19,
      3.407870475913335e-19,
      3.661784854806859e-19,
      3.9112397833226066e-19,
      4.1562230849181596e-19,
      4.396706176762367e-19,
      4.632643012298767e-19,
      4.863969408331403e-19,
      5.090601667152914e-19,
      5.312436896979865e-19,
      5.529349102641756e-19,
      5.741189618168722e-19,
      5.94778404663415e-19,
      6.148928799453157e-19,
      6.344388869357068e-19,
      6.533892655362889e-19,
      6.717124076859909e-19,
      6.8937173473095285e-19,
      7.063243471100579e-19,
      7.225194534207434e-19,
      7.378964532544401e-19,
      7.523814055186185e-19,
      7.658823193192253e-19,
      7.782810456651747e-19,
      7.894198052456864e-19,
      7.99075379127105e-19,
      8.069055273039258e-19,
      8.123494990252897e-19,
      8.151654156233951e-19,
      8.168845508152201e-19,
      8.180860969157756e-19,
      8.188017056871022e-19,
      8.19121667475057e-19,
      8.191984862063255e-19
    ]
  }
}