{
  "name": "O",
  "m": 2.6567628751341245e-26,
  "e_f": 4.098127390831695e-19,
  "lev": {
    "g": [
      9.0
    ],
    "e": [
      0.0
    ]
  }
}