{
  "name": "N",
  "m": 2.325867255218392e-26,
  "e_f": 7.818116825286562e-19,
  "lev": {
    "g": [
      12.0
    ],
    "e": [
      0.0
    ]
  }
}