{
  "name": "O2",
  "m": 5.313525750268249e-26,
  "e_f": 0.0,
  "e_d": 8.349356410172693e-19,
  "lev": {
    "g": [
      21244.76559173885,
      21533.372850543612,
      21823.492258311413,
      22115.899017955027,
      22407.49895460512,
      22703.746877390262,
      22993.667151929025,
      23287.69747668118,
      23566.536752408538,
      23849.043598003325,
      24123.05918237804,
      24359.527714622847,
      24599.972753048896,
      24778.72710864424,
      24963.07279622413,
      25053.22657616433,
      25153.516728711216,
      25119.160677218882,
      25000.565718935857,
      24787.77639662957,
      24472.315864620927,
      24047.835510314002,
      23510.689834887475,
      22860.381224462453,
      21885.218550403544,
      21005.29970959934,
      19790.003329543677,
      18475.02242848327,
      17084.62979447616,
      15644.737573594002,
      13923.925411661356,
      12217.250829673003,
      10557.316746044711,
      8749.265327039679,
      7073.700600763028,
      5374.056783872653,
      3742.6408021714255,
      2644.1478419342575,
      2053.010751536095,
      1441.379853459333,
      937.4755226337592,
      599.9959519385716,
      293.9997448943822,
      95.99999675583794,
      5.999999999952829
    ],
    "e": [
      1.4343214463792632e-19,
      1.7468269391904222e-19,
      2.0539068336994e-19,
      2.355696691448624e-19,
      2.6521188354224143e-19,
      2.9435590109496313e-19,
      3.2295172150208876e-19,
      3.510622782339508e-19,
      3.785961386060717e-19,
      4.0565536158446987e-19,
      4.3218370497316194e-19,
      4.580483359353491e-19,
      4.834509446431735e-19,
      5.080908134470826e-19,
      5.322775225988386e-19,
      5.555685309631297e-19,
      5.784216389847696e-19,
      6.002156229344931e-19,
      6.211716687617024e-19,
      6.412471588939539e-19,
      6.604030365410587e-19,
      6.78605449256519e-19,
      6.958270265058131e-19,
      7.120478148269333e-19,
      7.264283798095407e-19,
      7.405650334354896e-19,
      7.527631890817813e-19,
      7.638900901614937e-19,
      7.739948188374888e-19,
      7.831303720208064e-19,
      7.903540528810422e-19,
      7.967558948681176e-19,
      8.024177745949905e-19,
      8.065397737183345e-19,
      8.101597525951175e-19,
      8.126244738333753e-19,
      8.142194531593266e-19,
      8.162740772662842e-19,
      8.179749133510865e-19,
      8.183930232204868e-19,
      8.186881414209331e-19,
      8.190147322587204e-19,
      8.191357316334644e-19,
      8.19187633368336e-19,
      8.191994344489991e-19
    ]
  }
}