{
  "name": "Ar",
  "M": 0.039948,
  "Z": 0,
  "Hf": 0.0,
  "lev": {
    "g": [
      1.0,
      5.0,
      3.0,
      1.0,
      3.0,
      3.0,
      7.0,
      5.0,
      3.0,
      5.0,
      1.0,
      3.0,
      5.0,
      3.0,
      1.0,
      1.0,
      3.0,
      5.0,
      9.0,
      7.0,
      5.0,
      5.0,
      3.0,
      7.0,
      3.0,
      5.0,
      5.0,
      7.0,
      1.0,
      3.0,
      3.0
    ],
    "E": [
      0.0,
      1.8502496531253898e-18,
      1.862304430119606e-18,
      1.878257302864344e-18,
      1.895065737931638e-18,
      2.0679309836804337e-18,
      2.094959703496014e-18,
      2.098029473926758e-18,
      2.107365357173076e-18,
      2.110351814418852e-18,
      2.1265754550147357e-18,
      2.128113544583376e-18,
      2.1312522086093818e-18,
      2.135358587322324e-18,
      2.1597164786890257e-18,
      2.218219958479536e-18,
      2.221204813548678e-18,
      2.22757827219873e-18,
      2.2397211689078158e-18,
      2.2450884606317158e-18,
      2.2531458069241016e-18,
      2.25399015401022e-18,
      2.2574620707760975e-18,
      2.258918449336404e-18,
      2.2674820834451338e-18,
      2.277280995738678e-18,
      2.2805414251888676e-18,
      2.280876280105374e-18,
      2.281664551009302e-18,
      2.283915609180072e-18,
      2.291700585444678e-18
    ],
    "jc": [
      1.5,
      1.5,
      1.5,
      0.5,
      0.5,
      1.5,
      1.5,
      1.5,
      1.5,
      1.5,
      1.5,
      0.5,
      0.5,
      0.5,
      0.5,
      1.5,
      1.5,
      1.5,
      1.5,
      1.5,
      1.5,
      1.5,
      1.5,
      1.5,
      1.5,
      0.5,
      0.5,
      0.5,
      0.5,
      0.5,
      0.5
    ]
  },
  "nb_comp": 31
}