{
  "name": "Arp",
  "M": 0.03994745142009112,
  "Z": 1,
  "Hf": 0.0,
  "lev": {
    "g": [
      4.0,
      2.0
    ],
    "E": [
      2.525030375184e-18,
      2.5533889016057997e-18
    ],
    "jc": [
      1.5,
      0.5
    ]
  },
  "nb_comp": 2
}